Epoch,Epoch Loss,Final Learning Rate
1,3.045116199304907,0.00016650394232721312
2,2.396395564377096,0.0001177360667138662
